NAME,YOB,DEPARTURE,DESTINATION,PAID
Freya Stevens,1988,Innsbruck,Warsaw,1248
Theodore Payne,1986,Innsbruck,Warsaw,1248
Willow Wilson,1987,Innsbruck,Warsaw,1248
Isaac Lewis,1992,Innsbruck,Warsaw,1248
George Matthews,1973,Innsbruck,Warsaw,1248
Noah Chapman,1982,Innsbruck,Warsaw,1248
Harry White,1976,Innsbruck,Warsaw,1224
Amelia Wilson,1974,Innsbruck,Warsaw,1224
Archie Walker,1991,Innsbruck,Warsaw,1224
Harry Walker,1973,Innsbruck,Warsaw,1224
Charlotte Foster,1985,Innsbruck,Warsaw,1224
Arthur Robinson,1983,Brno,Rijeka,1212
Theo Owen,1983,Brno,Rijeka,1212
Rosie White,1982,Brno,Rijeka,1212
Freddie Harris,1990,Brno,Rijeka,1212
Leo Matthews,1976,Brno,Rijeka,1212
Sofia Davidson,1987,Hamburg,Rome,728
Thomas Davidson,1977,Hamburg,Rome,728
Elsie Davidson,2018,Hamburg,Rome,728
Grace Wilson,1981,Innsbruck,Warsaw,936
Phoebe Wilson,1985,Innsbruck,Warsaw,936
Henry Wilson,2017,Innsbruck,Warsaw,936
Noah Wilson,2018,Innsbruck,Warsaw,936
Freddie Lewis,1982,Hamburg,Innsbruck,1224
Phoebe Matthews,1977,Hamburg,Innsbruck,1224
Poppy Burton,1982,Hamburg,Innsbruck,1224
Noah Jones,1993,Hamburg,Innsbruck,1236
Roman Jones,1975,Hamburg,Innsbruck,1236
Harry Stevens,1978,Hamburg,Innsbruck,1236
Isaac Lewis,1991,Hamburg,Innsbruck,1236
Daisy Davidson,1989,Innsbruck,Warsaw,1122
George Adams,1989,Innsbruck,Warsaw,1122
Evie White,1990,Innsbruck,Warsaw,1122
Mia Burton,1976,Innsbruck,Warsaw,1248
Isla Owen,1976,Innsbruck,Warsaw,1248
Grace Stevens,1979,Innsbruck,Warsaw,1248
Ivy Stevens,1976,Innsbruck,Warsaw,1248
Sophia Wilson,1975,Berlin,Napoli,1144
Muhammad Webb,1982,Berlin,Napoli,1144
Emily Stevens,1984,Berlin,Napoli,1144
Rosie Davidson,1973,Krakow,Zagreb,824
Archie Davidson,1988,Krakow,Zagreb,824
Henry Davidson,2014,Krakow,Zagreb,824
Oscar Davidson,2014,Krakow,Zagreb,824
Noah Walker,1991,Hamburg,Innsbruck,1212
Theodore Jones,1985,Hamburg,Innsbruck,1212
Sienna Stevens,1978,Hamburg,Innsbruck,1212
Mia Jones,1988,Brno,Rijeka,624
Ava Jones,1982,Brno,Rijeka,624
Amelia Jones,2015,Brno,Rijeka,624
Thomas Jones,2014,Brno,Rijeka,624
Sofia Owen,1992,Prague,Rijeka,1030
Alfie Harris,1986,Prague,Rijeka,1030
Ava Jones,1978,Prague,Rijeka,1030
Lucas White,1992,Prague,Rijeka,1030
Harry Harris,1993,Berlin,Napoli,1144
Ivy Owen,1987,Berlin,Napoli,1144
Evie Burton,1979,Berlin,Napoli,1144
Poppy Allen,1988,Hamburg,Innsbruck,1224
Muhammad Robinson,1990,Hamburg,Innsbruck,1224
Mia Walker,1987,Hamburg,Innsbruck,1224
Tommy Foster,1985,Hamburg,Innsbruck,1224
Mia Lewis,1980,Prague,Rijeka,1030
Freya Harris,1993,Prague,Rijeka,1030
Oscar Wilson,1988,Prague,Rijeka,1030
Grace Davidson,1983,Prague,Rijeka,612
Theodore Davidson,1975,Prague,Rijeka,612
Jacob Davidson,2017,Prague,Rijeka,612
Willow Webb,1979,Innsbruck,Warsaw,1144
Noah Foster,1991,Innsbruck,Warsaw,1144
Evelyn Matthews,1993,Innsbruck,Warsaw,1144
Sophia Matthews,1983,Innsbruck,Warsaw,1144
Daisy Lewis,1991,Brno,Rijeka,1144
Oscar Baker,1989,Brno,Rijeka,1144
Emily Matthews,1989,Brno,Rijeka,1144
Mia Allen,1983,Brno,Rijeka,1144
Harry Robinson,1983,Innsbruck,Warsaw,515
Noah Robinson,1984,Innsbruck,Warsaw,515
Grace Robinson,2015,Innsbruck,Warsaw,515
Lucas Stevens,1986,Hamburg,Rome,816
Sophia Stevens,1978,Hamburg,Rome,816
Phoebe Stevens,2014,Hamburg,Rome,816
Alfie Stevens,2014,Hamburg,Rome,816
Jacob Davidson,1975,Berlin,Napoli,936
Arlo Davidson,1988,Berlin,Napoli,936
Mia Davidson,2017,Berlin,Napoli,936
Freddie Davidson,2013,Berlin,Napoli,936
Isabella Walker,1988,Krakow,Zagreb,816
Florence Walker,1984,Krakow,Zagreb,816
Ava Walker,2018,Krakow,Zagreb,816
Leo Wilson,1991,Hamburg,Innsbruck,1236
Elsie Jones,1993,Hamburg,Innsbruck,1236
William White,1978,Hamburg,Innsbruck,1236
Leo Webb,1976,Hamburg,Innsbruck,1236
Roman Walker,1993,Hamburg,Innsbruck,1236
Rosie Foster,1973,Berlin,Napoli,1111
Isla Jones,1988,Berlin,Napoli,1111
Ella Davidson,1984,Berlin,Napoli,1111
William Webb,1990,Krakow,Zagreb,816
Emily Webb,1979,Krakow,Zagreb,816
Elsie Webb,2015,Krakow,Zagreb,816
Harry Webb,2018,Krakow,Zagreb,816
Lily Black,1985,Hamburg,Rome,816
Oscar Black,1982,Hamburg,Rome,816
Ella Black,2016,Hamburg,Rome,816
Isaac Black,2018,Hamburg,Rome,816
George Baker,1986,Prague,Rijeka,1020
Willow Owen,1987,Prague,Rijeka,1020
Freddie Webb,1987,Prague,Rijeka,1020
Sophia Foster,1987,Prague,Rijeka,1020
Willow Lewis,1990,Prague,Rijeka,1020
Florence Allen,1988,Prague,Rijeka,1020
Charlie Owen,1985,Prague,Rijeka,1020
Amelia Webb,1985,Prague,Rijeka,1020
Theo Burton,1974,Prague,Rijeka,1020
Willow Davidson,1975,Krakow,Zagreb,728
Poppy Davidson,1991,Krakow,Zagreb,728
Theo Davidson,2017,Krakow,Zagreb,728
Poppy Harris,1993,Vienna,Warsaw,1122
Jacob Owen,1973,Vienna,Warsaw,1122
Elsie Chapman,1982,Vienna,Warsaw,1122
Roman Walker,1988,Vienna,Warsaw,1122
Jacob Jones,1987,Vienna,Warsaw,1122
Evie Webb,1989,Vienna,Warsaw,1122
Theodore Stevens,1973,Hamburg,Rome,816
Amelia Stevens,1988,Hamburg,Rome,816
Charlotte Stevens,2017,Hamburg,Rome,816
Muhammad Robinson,1981,Hamburg,Rome,832
Florence Robinson,1992,Hamburg,Rome,832
Muhammad Robinson,2015,Hamburg,Rome,832
Evie Burton,1978,Berlin,Napoli,1122
Florence Jones,1983,Berlin,Napoli,1122
Harry Davidson,1977,Berlin,Napoli,1122
Isla Payne,1991,Berlin,Napoli,1122
Freddie Lewis,1984,Brno,Rijeka,1212
Lucas Robinson,1979,Brno,Rijeka,1212
Leo Allen,1993,Brno,Rijeka,1212
Evie Stevens,1976,Brno,Rijeka,1212
Leo Allen,1991,Vienna,Warsaw,1144
Thomas White,1990,Vienna,Warsaw,1144
Theodore Allen,1983,Vienna,Warsaw,1144
Charlie Owen,1985,Vienna,Warsaw,1144
Sophia Allen,1984,Vienna,Warsaw,1144
Lily Allen,1977,Vienna,Warsaw,1144
Finley White,1989,Hamburg,Innsbruck,936
Amelia White,1990,Hamburg,Innsbruck,936
Willow White,2015,Hamburg,Innsbruck,936
Henry Holmes,1987,Hamburg,Innsbruck,1248
Jack Payne,1976,Hamburg,Innsbruck,1248
Evelyn Walker,1979,Hamburg,Innsbruck,1248
Isla Black,1990,Hamburg,Innsbruck,1248
Charlie White,1993,Hamburg,Innsbruck,1248
Florence Black,1993,Hamburg,Innsbruck,1248
Finley Jones,1978,Berlin,Napoli,1122
Mia Adams,1992,Berlin,Napoli,1122
William Payne,1990,Berlin,Napoli,1122
Poppy Payne,1989,Hamburg,Innsbruck,1248
Evelyn Davidson,1989,Hamburg,Innsbruck,1248
Ivy Harris,1979,Hamburg,Innsbruck,1248
Ella Owen,1992,Hamburg,Innsbruck,1248
Rosie Allen,1988,Hamburg,Innsbruck,1248
Daisy Matthews,1984,Berlin,Napoli,1133
Henry Robinson,1985,Berlin,Napoli,1133
Ivy Baker,1979,Berlin,Napoli,1133
Grace Allen,1988,Berlin,Napoli,1133
Sienna Matthews,1978,Berlin,Napoli,1133
Grace Walker,1982,Berlin,Napoli,1133
Muhammad Owen,1988,Hamburg,Innsbruck,918
Archie Owen,1981,Hamburg,Innsbruck,918
Sophia Owen,2013,Hamburg,Innsbruck,918
Theo Owen,2013,Hamburg,Innsbruck,918
Noah Payne,1974,Hamburg,Innsbruck,309
Daisy Payne,1976,Hamburg,Innsbruck,309
Leo Payne,2015,Hamburg,Innsbruck,309
Willow Harris,1983,Krakow,Zagreb,816
Lucas Harris,1981,Krakow,Zagreb,816
Grace Harris,2014,Krakow,Zagreb,816
Sofia Harris,2013,Krakow,Zagreb,816
Ella Harris,1992,Prague,Rijeka,1030
Leo Chapman,1986,Prague,Rijeka,1030
Ava Stevens,1980,Prague,Rijeka,1030
Charlie Stevens,1986,Vienna,Warsaw,1111
Sofia Payne,1991,Vienna,Warsaw,1111
Ava Wilson,1974,Vienna,Warsaw,1111
Finley Harris,1979,Vienna,Warsaw,1111
Sofia Harris,1975,Berlin,Napoli,1010
Sienna Allen,1988,Berlin,Napoli,1010
Oscar Walker,1980,Berlin,Napoli,1010
Sienna Baker,1991,Berlin,Napoli,1010
Henry Allen,1974,Berlin,Napoli,714
Jack Allen,1983,Berlin,Napoli,714
Sofia Allen,2014,Berlin,Napoli,714
Grace Allen,2017,Berlin,Napoli,714
Theodore Jones,1977,Hamburg,Rome,816
Thomas Jones,1974,Hamburg,Rome,816
Jack Jones,2016,Hamburg,Rome,816
Muhammad Chapman,1989,Hamburg,Innsbruck,1212
George White,1978,Hamburg,Innsbruck,1212
Evelyn Baker,1992,Hamburg,Innsbruck,1212
Phoebe Matthews,1981,Hamburg,Innsbruck,1212
Amelia Adams,1990,Innsbruck,Warsaw,909
Elsie Adams,1986,Innsbruck,Warsaw,909
Grace Adams,2015,Innsbruck,Warsaw,909
Phoebe Webb,1975,Berlin,Napoli,1111
Amelia Allen,1976,Berlin,Napoli,1111
Evie Holmes,1978,Berlin,Napoli,1111
Henry Webb,1984,Berlin,Napoli,1111
Grace Lewis,1993,Vienna,Warsaw,721
Muhammad Lewis,1988,Vienna,Warsaw,721
Isla Lewis,2018,Vienna,Warsaw,721
Charlotte Lewis,2013,Vienna,Warsaw,721
Oscar Robinson,1988,Berlin,Napoli,1020
Grace Webb,1983,Berlin,Napoli,1020
Freddie Wilson,1992,Berlin,Napoli,1020
Isaac Lewis,1976,Prague,Rijeka,1020
Ivy Payne,1974,Prague,Rijeka,1020
George Webb,1977,Prague,Rijeka,1020
Daisy Stevens,1976,Prague,Rijeka,1020
Jack Walker,1976,Prague,Rijeka,1020
Archie Black,1990,Prague,Rijeka,1020
Thomas Wilson,1978,Krakow,Zagreb,816
Lily Wilson,1979,Krakow,Zagreb,816
Harry Wilson,2018,Krakow,Zagreb,816
Arthur Black,1985,Berlin,Napoli,832
Willow Black,1990,Berlin,Napoli,832
Charlotte Black,2015,Berlin,Napoli,832
Poppy Matthews,1991,Berlin,Napoli,1111
Noah Owen,1986,Berlin,Napoli,1111
Sofia Baker,1982,Berlin,Napoli,1111
Ivy Walker,1990,Berlin,Napoli,1111
Arthur Burton,1983,Berlin,Napoli,1111
Elsie Baker,1989,Berlin,Napoli,1111
Charlie Foster,1986,Vienna,Warsaw,1122
Isla Robinson,1986,Vienna,Warsaw,1122
William Owen,1986,Vienna,Warsaw,1122
Charlotte Matthews,1983,Vienna,Warsaw,1122
Harry Chapman,1976,Vienna,Warsaw,1122
William White,1990,Vienna,Warsaw,1122
Isabella Payne,1987,Berlin,Napoli,1010
Charlie Burton,1977,Berlin,Napoli,1010
Archie Holmes,1976,Berlin,Napoli,1010
Noah White,1982,Berlin,Napoli,1010
Theodore Payne,1974,Berlin,Napoli,1010
Isla Walker,1982,Berlin,Napoli,1010
Sofia Walker,1990,Vienna,Warsaw,936
Sophia Walker,1978,Vienna,Warsaw,936
Isabella Walker,2016,Vienna,Warsaw,936
Oscar Stevens,1978,Brno,Rijeka,1236
Muhammad Foster,1992,Brno,Rijeka,1236
Florence Black,1980,Brno,Rijeka,1236
Willow Wilson,1985,Brno,Rijeka,1236
Rosie Owen,1992,Brno,Rijeka,1236
Rosie Foster,1974,Brno,Rijeka,1236
Elsie Chapman,1983,Vienna,Warsaw,1144
Theo Holmes,1992,Vienna,Warsaw,1144
Charlie Matthews,1981,Vienna,Warsaw,1144
Isaac Holmes,1978,Vienna,Warsaw,1144
Theodore Adams,1982,Vienna,Warsaw,1144
Freya Webb,1978,Hamburg,Innsbruck,927
Daisy Webb,1977,Hamburg,Innsbruck,927
Jacob Webb,2018,Hamburg,Innsbruck,927
Harry Webb,2018,Hamburg,Innsbruck,927
Evelyn Chapman,1985,Brno,Rijeka,1212
Ava Allen,1983,Brno,Rijeka,1212
Evie Matthews,1974,Brno,Rijeka,1212
Rosie Webb,1988,Brno,Rijeka,1212
Isabella Owen,1982,Brno,Rijeka,1212
Ava Allen,1977,Brno,Rijeka,1212
Oscar Walker,1992,Berlin,Napoli,721
Daisy Walker,1979,Berlin,Napoli,721
Poppy Walker,2018,Berlin,Napoli,721
Florence Walker,2018,Berlin,Napoli,721
Oscar Jones,1976,Krakow,Zagreb,728
Isaac Jones,1982,Krakow,Zagreb,728
Amelia Jones,2013,Krakow,Zagreb,728
Charlotte Black,1975,Berlin,Napoli,714
Lily Black,1984,Berlin,Napoli,714
Charlotte Black,2017,Berlin,Napoli,714
Evie Black,2013,Berlin,Napoli,714
Charlie Wilson,1986,Berlin,Napoli,832
Grace Wilson,1982,Berlin,Napoli,832
Mia Wilson,2017,Berlin,Napoli,832
Freya Wilson,2015,Berlin,Napoli,832
Isaac Owen,1990,Krakow,Zagreb,707
Florence Owen,1975,Krakow,Zagreb,707
Ella Owen,2014,Krakow,Zagreb,707
Henry Stevens,1983,Berlin,Napoli,1133
Lily Chapman,1990,Berlin,Napoli,1133
Sienna Robinson,1992,Berlin,Napoli,1133
Poppy Allen,1980,Hamburg,Rome,832
Ella Allen,1976,Hamburg,Rome,832
Rosie Allen,2013,Hamburg,Rome,832
Harry Allen,2015,Hamburg,Rome,832
Finley Matthews,1988,Innsbruck,Warsaw,1122
Theo Walker,1983,Innsbruck,Warsaw,1122
Arlo Burton,1987,Innsbruck,Warsaw,1122
Roman Stevens,1979,Hamburg,Innsbruck,918
Oscar Stevens,1986,Hamburg,Innsbruck,918
Theo Stevens,2013,Hamburg,Innsbruck,918
Harry Owen,1986,Brno,Rijeka,721
Noah Owen,1989,Brno,Rijeka,721
Tommy Owen,2017,Brno,Rijeka,721
Archie Owen,2015,Brno,Rijeka,721
Ella Lewis,1979,Berlin,Napoli,1133
Arlo Black,1978,Berlin,Napoli,1133
Emily Lewis,1985,Berlin,Napoli,1133
Phoebe Stevens,1978,Vienna,Warsaw,1133
Finley Holmes,1977,Vienna,Warsaw,1133
Tommy Burton,1992,Vienna,Warsaw,1133
Poppy Walker,1975,Vienna,Warsaw,1133
Lily White,1978,Innsbruck,Warsaw,1133
Freya Holmes,1983,Innsbruck,Warsaw,1133
Finley Black,1987,Innsbruck,Warsaw,1133
Archie Robinson,1981,Hamburg,Innsbruck,1236
George Harris,1986,Hamburg,Innsbruck,1236
Willow Burton,1974,Hamburg,Innsbruck,1236
Ivy White,1989,Hamburg,Innsbruck,1236
Charlie Payne,1991,Hamburg,Innsbruck,1236
Poppy White,1993,Innsbruck,Warsaw,1133
Charlie Black,1986,Innsbruck,Warsaw,1133
Lily Wilson,1976,Innsbruck,Warsaw,1133
Thomas Black,1991,Innsbruck,Warsaw,1133
Ivy Baker,1977,Innsbruck,Warsaw,1133
Phoebe Allen,1988,Innsbruck,Warsaw,1133
Sofia Jones,1974,Vienna,Warsaw,936
Leo Jones,1980,Vienna,Warsaw,936
Charlie Jones,2017,Vienna,Warsaw,936
Freya Jones,2015,Vienna,Warsaw,936
William White,1989,Vienna,Warsaw,714
Oscar White,1990,Vienna,Warsaw,714
Alfie White,2014,Vienna,Warsaw,714
Henry White,2015,Vienna,Warsaw,714
Ava Stevens,1978,Vienna,Warsaw,909
Thomas Stevens,1979,Vienna,Warsaw,909
Ivy Stevens,2018,Vienna,Warsaw,909
William Webb,1974,Vienna,Warsaw,1111
Evie Webb,1990,Vienna,Warsaw,1111
Sofia White,1986,Vienna,Warsaw,1111
Poppy Foster,1983,Vienna,Warsaw,1111
Lily Robinson,1986,Vienna,Warsaw,1111
Mia Holmes,1979,Vienna,Warsaw,1111
Charlotte Chapman,1983,Innsbruck,Warsaw,909
Rosie Chapman,1975,Innsbruck,Warsaw,909
Charlotte Chapman,2017,Innsbruck,Warsaw,909
Roman Chapman,2013,Innsbruck,Warsaw,909
Ava Owen,1976,Berlin,Napoli,909
Isaac Owen,1986,Berlin,Napoli,909
Isaac Owen,2016,Berlin,Napoli,909
Archie Owen,2017,Berlin,Napoli,909
Alfie Holmes,1981,Hamburg,Innsbruck,936
Arthur Holmes,1990,Hamburg,Innsbruck,936
Freya Holmes,2017,Hamburg,Innsbruck,936
Arthur Owen,1989,Hamburg,Rome,728
Willow Owen,1978,Hamburg,Rome,728
Emily Owen,2017,Hamburg,Rome,728
Thomas Payne,1975,Innsbruck,Warsaw,520
Sienna Payne,1981,Innsbruck,Warsaw,520
Freddie Payne,2014,Innsbruck,Warsaw,520
Archie Payne,2014,Innsbruck,Warsaw,520
Poppy Holmes,1977,Vienna,Warsaw,1122
Daisy Robinson,1989,Vienna,Warsaw,1122
Freddie Black,1982,Vienna,Warsaw,1122
George Payne,1983,Vienna,Warsaw,1133
Sofia Adams,1979,Vienna,Warsaw,1133
Finley Walker,1992,Vienna,Warsaw,1133
Isabella Jones,1974,Vienna,Warsaw,1133
Lucas Allen,1990,Vienna,Warsaw,1133
Evelyn Walker,1973,Vienna,Warsaw,1133
Theodore Robinson,1978,Hamburg,Innsbruck,1224
Leo Chapman,1986,Hamburg,Innsbruck,1224
Ella Wilson,1991,Hamburg,Innsbruck,1224
Theo White,1977,Hamburg,Innsbruck,1224
Alfie Chapman,1976,Hamburg,Innsbruck,909
Oscar Chapman,1988,Hamburg,Innsbruck,909
Florence Chapman,2018,Hamburg,Innsbruck,909
William Baker,1992,Hamburg,Innsbruck,1212
Daisy Robinson,1980,Hamburg,Innsbruck,1212
Ava Adams,1973,Hamburg,Innsbruck,1212
Leo Allen,1974,Hamburg,Innsbruck,1212
Florence Burton,1985,Hamburg,Innsbruck,1212
Alfie Payne,1974,Prague,Rijeka,1040
Ella White,1982,Prague,Rijeka,1040
Lucas Payne,1979,Prague,Rijeka,1040
Jack Harris,1975,Prague,Rijeka,1040
William Jones,1990,Prague,Rijeka,1040
Lucas Davidson,1978,Krakow,Zagreb,714
Ava Davidson,1975,Krakow,Zagreb,714
Ava Davidson,2016,Krakow,Zagreb,714
Alfie Allen,1987,Krakow,Zagreb,808
Freddie Allen,1979,Krakow,Zagreb,808
Sophia Allen,2015,Krakow,Zagreb,808
Thomas Allen,2017,Krakow,Zagreb,808
Charlie Wilson,1974,Berlin,Napoli,832
Ivy Wilson,1984,Berlin,Napoli,832
Henry Wilson,2017,Berlin,Napoli,832
Oscar Stevens,1986,Vienna,Warsaw,918
Theo Stevens,1980,Vienna,Warsaw,918
Lily Stevens,2013,Vienna,Warsaw,918
Roman Burton,1981,Berlin,Napoli,728
Rosie Burton,1973,Berlin,Napoli,728
Finley Burton,2018,Berlin,Napoli,728
Evie Baker,1980,Prague,Rijeka,618
Isla Baker,1992,Prague,Rijeka,618
Sophia Baker,2013,Prague,Rijeka,618
Sophia Adams,1982,Innsbruck,Warsaw,936
Mia Adams,1984,Innsbruck,Warsaw,936
Arlo Adams,2013,Innsbruck,Warsaw,936
Ava Wilson,1988,Innsbruck,Warsaw,1111
Isaac Chapman,1977,Innsbruck,Warsaw,1111
Ava Robinson,1985,Innsbruck,Warsaw,1111
Sophia Wilson,1986,Innsbruck,Warsaw,1111
Isabella White,1988,Brno,Rijeka,1236
Amelia White,1993,Brno,Rijeka,1236
Evie Wilson,1977,Brno,Rijeka,1236
Alfie Wilson,1978,Brno,Rijeka,1236
Sienna Allen,1991,Brno,Rijeka,1236
George Jones,1977,Krakow,Zagreb,816
Henry Jones,1993,Krakow,Zagreb,816
Roman Jones,2017,Krakow,Zagreb,816
Roman Jones,2018,Krakow,Zagreb,816
Lily Owen,1975,Brno,Rijeka,1212
Ella Baker,1983,Brno,Rijeka,1212
Isaac Harris,1975,Brno,Rijeka,1212
William Wilson,1981,Brno,Rijeka,1212
Alfie Walker,1978,Berlin,Napoli,707
Alfie Walker,1989,Berlin,Napoli,707
George Walker,2017,Berlin,Napoli,707
Charlie Black,1985,Innsbruck,Warsaw,1111
Mia Lewis,1986,Innsbruck,Warsaw,1111
Florence Lewis,1983,Innsbruck,Warsaw,1111
Arlo Payne,1983,Prague,Rijeka,1040
Elsie Chapman,1983,Prague,Rijeka,1040
Oscar Stevens,1992,Prague,Rijeka,1040
Arthur White,1980,Berlin,Napoli,721
Emily White,1976,Berlin,Napoli,721
Isla White,2018,Berlin,Napoli,721
Isla White,2017,Berlin,Napoli,721
Sophia Jones,1983,Hamburg,Innsbruck,1248
Henry Payne,1977,Hamburg,Innsbruck,1248
Oscar Holmes,1986,Hamburg,Innsbruck,1248
Evie Lewis,1982,Hamburg,Innsbruck,1248
Alfie Jones,1984,Hamburg,Innsbruck,1248
Finley Jones,1992,Hamburg,Innsbruck,1248
Theodore Harris,1981,Berlin,Napoli,1111
Ava Chapman,1992,Berlin,Napoli,1111
Roman Stevens,1983,Berlin,Napoli,1111
Florence Harris,1983,Berlin,Napoli,1111
Thomas Adams,1990,Berlin,Napoli,1111
Arlo Wilson,1988,Berlin,Napoli,1111
Theodore Chapman,1977,Prague,Rijeka,1010
George Holmes,1985,Prague,Rijeka,1010
Sophia Davidson,1985,Prague,Rijeka,1010
Charlotte Wilson,1987,Prague,Rijeka,1010
Tommy Foster,1984,Prague,Rijeka,1010
Willow Payne,1978,Prague,Rijeka,1010
Willow Wilson,1990,Prague,Rijeka,1010
Arlo Owen,1983,Prague,Rijeka,1010
Rosie Owen,1981,Prague,Rijeka,1010
Ella Payne,1977,Brno,Rijeka,1133
Sienna Harris,1973,Brno,Rijeka,1133
Freddie Wilson,1989,Brno,Rijeka,1133
Jack White,1990,Prague,Rijeka,1040
Alfie Foster,1973,Prague,Rijeka,1040
George Holmes,1991,Prague,Rijeka,1040
Thomas Davidson,1986,Prague,Rijeka,1040
Finley Adams,1981,Prague,Rijeka,1040
William Walker,1990,Vienna,Warsaw,1111
Theo Black,1974,Vienna,Warsaw,1111
Isla Adams,1986,Vienna,Warsaw,1111
Evie Foster,1979,Vienna,Warsaw,1111
Lucas Black,1986,Vienna,Warsaw,1111
Finley Chapman,1993,Vienna,Warsaw,1111
Archie Davidson,1980,Brno,Rijeka,707
Freddie Davidson,1993,Brno,Rijeka,707
Florence Davidson,2018,Brno,Rijeka,707
Florence Walker,1990,Vienna,Warsaw,1144
Harry Foster,1993,Vienna,Warsaw,1144
Rosie Matthews,1983,Vienna,Warsaw,1144
Leo Owen,1974,Vienna,Warsaw,1144
Noah Robinson,1980,Vienna,Warsaw,1144
Charlotte Allen,1983,Vienna,Warsaw,1144
Noah Baker,1974,Vienna,Warsaw,1111
Tommy Webb,1993,Vienna,Warsaw,1111
Ava White,1973,Vienna,Warsaw,1111
Oscar Black,1988,Krakow,Zagreb,707
Roman Black,1993,Krakow,Zagreb,707
Oscar Black,2016,Krakow,Zagreb,707
Lucas Harris,1979,Innsbruck,Warsaw,918
Evie Harris,1980,Innsbruck,Warsaw,918
Evelyn Harris,2013,Innsbruck,Warsaw,918
George Harris,2015,Innsbruck,Warsaw,918
Freya Foster,1984,Prague,Rijeka,1020
Isabella Davidson,1990,Prague,Rijeka,1020
Ivy Jones,1987,Prague,Rijeka,1020
Ava White,1977,Prague,Rijeka,1020
Phoebe Burton,1974,Vienna,Warsaw,714
Daisy Burton,1983,Vienna,Warsaw,714
Mia Burton,2018,Vienna,Warsaw,714
Freddie Wilson,1980,Innsbruck,Warsaw,909
Archie Wilson,1993,Innsbruck,Warsaw,909
Tommy Wilson,2013,Innsbruck,Warsaw,909
Theo Matthews,1986,Innsbruck,Warsaw,1236
Henry Chapman,1983,Innsbruck,Warsaw,1236
Evie Owen,1975,Innsbruck,Warsaw,1236
Mia Davidson,1974,Hamburg,Innsbruck,927
Evelyn Davidson,1974,Hamburg,Innsbruck,927
Isla Davidson,2017,Hamburg,Innsbruck,927
Charlotte Burton,1975,Prague,Rijeka,1010
Isaac Matthews,1989,Prague,Rijeka,1010
Grace Owen,1983,Prague,Rijeka,1010
Freya Allen,1990,Prague,Rijeka,1010
Rosie Holmes,1973,Prague,Rijeka,1010
Jack Burton,1991,Berlin,Napoli,1020
Grace White,1987,Berlin,Napoli,1020
Charlotte Matthews,1982,Berlin,Napoli,1020
Isabella Burton,1978,Krakow,Zagreb,707
Daisy Burton,1981,Krakow,Zagreb,707
Charlie Burton,2016,Krakow,Zagreb,707
Jacob Burton,2013,Krakow,Zagreb,707
Poppy Webb,1980,Brno,Rijeka,707
Daisy Webb,1988,Brno,Rijeka,707
Mia Webb,2014,Brno,Rijeka,707
Mia Walker,1982,Berlin,Napoli,824
William Walker,1973,Berlin,Napoli,824
Jack Walker,2018,Berlin,Napoli,824
Alfie Walker,2018,Berlin,Napoli,824
Rosie Robinson,1980,Berlin,Napoli,909
Jacob Robinson,1975,Berlin,Napoli,909
Amelia Robinson,2013,Berlin,Napoli,909
Arlo Robinson,2013,Berlin,Napoli,909
Freya Black,1989,Prague,Rijeka,606
Noah Black,1984,Prague,Rijeka,606
Noah Black,2017,Prague,Rijeka,606
Grace Payne,1983,Krakow,Zagreb,816
Harry Payne,1974,Krakow,Zagreb,816
Ella Payne,2015,Krakow,Zagreb,816
Ivy Payne,2016,Krakow,Zagreb,816
Isla Jones,1979,Brno,Rijeka,612
Archie Jones,1986,Brno,Rijeka,612
Tommy Jones,2017,Brno,Rijeka,612
Willow Harris,1983,Hamburg,Rome,728
Muhammad Harris,1980,Hamburg,Rome,728
Florence Harris,2018,Hamburg,Rome,728
Evie Harris,2015,Hamburg,Rome,728
Isaac Wilson,1978,Prague,Rijeka,1030
Grace Baker,1987,Prague,Rijeka,1030
Oscar Burton,1980,Prague,Rijeka,1030
Evelyn Chapman,1992,Prague,Rijeka,1040
Daisy Lewis,1973,Prague,Rijeka,1040
Noah Baker,1985,Prague,Rijeka,1040
Mia Burton,1973,Hamburg,Innsbruck,909
Thomas Burton,1992,Hamburg,Innsbruck,909
Willow Burton,2014,Hamburg,Innsbruck,909
William Adams,1988,Berlin,Napoli,909
Thomas Adams,1980,Berlin,Napoli,909
Sophia Adams,2013,Berlin,Napoli,909
Evie Adams,2017,Berlin,Napoli,909
William Payne,1973,Prague,Rijeka,1040
Freddie Owen,1979,Prague,Rijeka,1040
Muhammad Adams,1973,Prague,Rijeka,1040
Ivy Adams,1983,Prague,Rijeka,1040
Henry Walker,1984,Prague,Rijeka,1040
Isla Matthews,1980,Prague,Rijeka,1040
Phoebe Robinson,1987,Krakow,Zagreb,721
Archie Robinson,1977,Krakow,Zagreb,721
Rosie Robinson,2013,Krakow,Zagreb,721
Noah Baker,1989,Brno,Rijeka,714
Archie Baker,1986,Brno,Rijeka,714
Lily Baker,2015,Brno,Rijeka,714
Isabella Baker,2013,Brno,Rijeka,714
Theo Stevens,1978,Hamburg,Innsbruck,918
Muhammad Stevens,1988,Hamburg,Innsbruck,918
Theo Stevens,2015,Hamburg,Innsbruck,918
Willow Lewis,1974,Prague,Rijeka,1010
Florence Matthews,1986,Prague,Rijeka,1010
Mia Burton,1973,Prague,Rijeka,1010
Harry Allen,1981,Prague,Rijeka,1010
Leo White,1986,Prague,Rijeka,1010
Alfie Wilson,1981,Brno,Rijeka,721
William Wilson,1979,Brno,Rijeka,721
Evelyn Wilson,2015,Brno,Rijeka,721
Rosie Wilson,2018,Brno,Rijeka,721
Mia Davidson,1982,Prague,Rijeka,1030
Noah Owen,1988,Prague,Rijeka,1030
Daisy Davidson,1992,Prague,Rijeka,1030
Charlotte Payne,1978,Prague,Rijeka,1030
Florence Harris,1984,Berlin,Napoli,1144
Evie Black,1978,Berlin,Napoli,1144
Isaac Holmes,1974,Berlin,Napoli,1144
Grace Lewis,1989,Berlin,Napoli,1144
Isla Foster,1981,Berlin,Napoli,1144
Isla Webb,1984,Berlin,Napoli,1144
Henry Jones,1975,Berlin,Napoli,816
Muhammad Jones,1984,Berlin,Napoli,816
Freya Jones,2014,Berlin,Napoli,816
Sofia Jones,2016,Berlin,Napoli,816
Mia Matthews,1981,Hamburg,Innsbruck,312
Theo Matthews,1983,Hamburg,Innsbruck,312
Freya Matthews,2014,Hamburg,Innsbruck,312
George Matthews,2016,Hamburg,Innsbruck,312
Charlie Matthews,1988,Berlin,Napoli,808
Ava Matthews,1986,Berlin,Napoli,808
Charlie Matthews,2017,Berlin,Napoli,808
Sofia Matthews,2017,Berlin,Napoli,808
Elsie Webb,1987,Innsbruck,Warsaw,1224
Isaac Davidson,1987,Innsbruck,Warsaw,1224
Arlo Davidson,1982,Innsbruck,Warsaw,1224
Daisy Burton,1982,Innsbruck,Warsaw,1224
Roman Baker,1975,Brno,Rijeka,728
Sofia Baker,1982,Brno,Rijeka,728
Evelyn Baker,2016,Brno,Rijeka,728
Tommy Wilson,1987,Vienna,Warsaw,927
Freddie Wilson,1993,Vienna,Warsaw,927
George Wilson,2013,Vienna,Warsaw,927
Evelyn Wilson,1983,Innsbruck,Warsaw,1144
Evelyn Jones,1980,Innsbruck,Warsaw,1144
Emily Webb,1993,Innsbruck,Warsaw,1144
Leo White,1977,Innsbruck,Warsaw,1144
Jacob Chapman,1975,Krakow,Zagreb,927
Charlotte Chapman,1988,Krakow,Zagreb,927
Isabella Chapman,2015,Krakow,Zagreb,927
Harry Chapman,2015,Krakow,Zagreb,927
Sofia Adams,1990,Vienna,Warsaw,1111
Freya Stevens,1983,Vienna,Warsaw,1111
Thomas Owen,1973,Vienna,Warsaw,1111
Freddie Walker,1981,Vienna,Warsaw,1111
Evelyn Adams,1989,Vienna,Warsaw,1111
Phoebe Payne,1985,Vienna,Warsaw,1111
Sofia Baker,1984,Vienna,Warsaw,918
Ivy Baker,1983,Vienna,Warsaw,918
Henry Baker,2016,Vienna,Warsaw,918
Mia Baker,2015,Vienna,Warsaw,918
Phoebe Matthews,1993,Vienna,Warsaw,1111
George Matthews,1993,Vienna,Warsaw,1111
Willow Chapman,1989,Vienna,Warsaw,1111
William Harris,1988,Vienna,Warsaw,1111
Harry Lewis,1991,Vienna,Warsaw,1111
William White,1981,Innsbruck,Warsaw,1133
Noah Wilson,1985,Innsbruck,Warsaw,1133
Freya Harris,1974,Innsbruck,Warsaw,1133
Tommy Baker,1983,Innsbruck,Warsaw,1133
Muhammad Baker,1992,Innsbruck,Warsaw,1133
Alfie Matthews,1978,Innsbruck,Warsaw,1133
Emily Holmes,1975,Berlin,Napoli,1030
Finley White,1985,Berlin,Napoli,1030
Emily Chapman,1980,Berlin,Napoli,1030
Theodore Holmes,1984,Berlin,Napoli,1030
Oscar Davidson,1992,Vienna,Warsaw,918
Finley Davidson,1973,Vienna,Warsaw,918
Charlie Davidson,2014,Vienna,Warsaw,918
Lucas Davidson,2014,Vienna,Warsaw,918
George Payne,1982,Innsbruck,Warsaw,909
Sofia Payne,1979,Innsbruck,Warsaw,909
Roman Payne,2018,Innsbruck,Warsaw,909
George Webb,1974,Hamburg,Rome,714
Finley Webb,1984,Hamburg,Rome,714
Freya Webb,2013,Hamburg,Rome,714
Phoebe Webb,2013,Hamburg,Rome,714
Poppy Baker,1993,Krakow,Zagreb,816
Theodore Baker,1974,Krakow,Zagreb,816
Muhammad Baker,2013,Krakow,Zagreb,816
Emily Owen,1990,Brno,Rijeka,1212
Ava White,1990,Brno,Rijeka,1212
Oscar Robinson,1973,Brno,Rijeka,1212
Leo Walker,1984,Brno,Rijeka,1111
Evelyn Robinson,1976,Brno,Rijeka,1111
Roman Payne,1974,Brno,Rijeka,1111
Rosie Baker,1983,Brno,Rijeka,1111
Isaac Chapman,1981,Brno,Rijeka,1111
Willow Adams,1993,Brno,Rijeka,1111
Oscar Davidson,1978,Brno,Rijeka,612
Mia Davidson,1992,Brno,Rijeka,612
Freya Davidson,2018,Brno,Rijeka,612
Isla Allen,1974,Brno,Rijeka,612
Amelia Allen,1983,Brno,Rijeka,612
Florence Allen,2015,Brno,Rijeka,612
Sophia Allen,2015,Brno,Rijeka,612
Noah Harris,1979,Hamburg,Rome,808
Florence Harris,1991,Hamburg,Rome,808
Finley Harris,2015,Hamburg,Rome,808
Jacob Harris,2013,Hamburg,Rome,808
Sofia Adams,1975,Hamburg,Innsbruck,1248
Roman Baker,1980,Hamburg,Innsbruck,1248
William Holmes,1987,Hamburg,Innsbruck,1248
Florence Burton,1986,Hamburg,Innsbruck,1248
Thomas Payne,1985,Hamburg,Innsbruck,1248
Ava Davidson,1976,Vienna,Warsaw,1133
William Stevens,1984,Vienna,Warsaw,1133
Oscar Allen,1979,Vienna,Warsaw,1133
Isabella Lewis,1990,Vienna,Warsaw,1133
Mia Allen,1992,Vienna,Warsaw,1133
Elsie Stevens,1975,Brno,Rijeka,728
Grace Stevens,1979,Brno,Rijeka,728
Roman Stevens,2017,Brno,Rijeka,728
Theo Baker,1988,Prague,Rijeka,1030
Finley Holmes,1988,Prague,Rijeka,1030
Isaac White,1975,Prague,Rijeka,1030
Finley Wilson,1988,Prague,Rijeka,612
Evelyn Wilson,1977,Prague,Rijeka,612
Thomas Wilson,2018,Prague,Rijeka,612
Ella Wilson,2014,Prague,Rijeka,612
Theodore Black,1991,Prague,Rijeka,1030
Sophia Matthews,1985,Prague,Rijeka,1030
Elsie Matthews,1977,Prague,Rijeka,1030
Oscar Stevens,1975,Prague,Rijeka,1030
Rosie Davidson,1987,Vienna,Warsaw,936
Theodore Davidson,1989,Vienna,Warsaw,936
Theodore Davidson,2013,Vienna,Warsaw,936
Leo Walker,1986,Innsbruck,Warsaw,918
Jacob Walker,1979,Innsbruck,Warsaw,918
Isla Walker,2013,Innsbruck,Warsaw,918
Lucas Walker,2017,Innsbruck,Warsaw,918
Harry Webb,1975,Brno,Rijeka,1212
Archie Walker,1974,Brno,Rijeka,1212
Ava Holmes,1982,Brno,Rijeka,1212
Ava Stevens,1991,Brno,Rijeka,1212
Ella Davidson,1984,Brno,Rijeka,1212
Sienna White,1978,Brno,Rijeka,1212
Roman Chapman,1976,Vienna,Warsaw,1144
Roman Robinson,1991,Vienna,Warsaw,1144
Mia Wilson,1990,Vienna,Warsaw,1144
Sophia Black,1977,Vienna,Warsaw,1144
Charlie Adams,1978,Vienna,Warsaw,1144
William Stevens,1978,Vienna,Warsaw,1144
Willow Jones,1983,Prague,Rijeka,1040
Henry White,1974,Prague,Rijeka,1040
Grace Burton,1979,Prague,Rijeka,1040
Henry Webb,1983,Prague,Rijeka,1040
Elsie Baker,1980,Berlin,Napoli,909
Evelyn Baker,1973,Berlin,Napoli,909
Harry Baker,2015,Berlin,Napoli,909
Ava Baker,2018,Berlin,Napoli,909
Isabella Jones,1987,Krakow,Zagreb,721
Theo Jones,1977,Krakow,Zagreb,721
Oscar Jones,2017,Krakow,Zagreb,721
Grace Allen,1982,Hamburg,Innsbruck,1212
Evie Lewis,1981,Hamburg,Innsbruck,1212
Freddie Foster,1975,Hamburg,Innsbruck,1212
Evelyn Allen,1974,Hamburg,Innsbruck,1212
Arlo Allen,1990,Hamburg,Innsbruck,1212
Henry Lewis,1973,Hamburg,Innsbruck,1212
Thomas Payne,1987,Berlin,Napoli,707
Finley Payne,1980,Berlin,Napoli,707
Elsie Payne,2018,Berlin,Napoli,707
Isaac Payne,2016,Berlin,Napoli,707
Poppy Matthews,1982,Brno,Rijeka,612
Mia Matthews,1980,Brno,Rijeka,612
Charlie Matthews,2015,Brno,Rijeka,612
William Matthews,2015,Brno,Rijeka,612
Ivy Stevens,1992,Brno,Rijeka,1224
Phoebe Black,1990,Brno,Rijeka,1224
Evie Lewis,1981,Brno,Rijeka,1224
Rosie White,1984,Brno,Rijeka,1224
Emily Robinson,1992,Brno,Rijeka,1224
William Baker,1975,Brno,Rijeka,1224
Jack Stevens,1982,Vienna,Warsaw,909
Roman Stevens,1991,Vienna,Warsaw,909
Muhammad Stevens,2018,Vienna,Warsaw,909
Amelia Stevens,2016,Vienna,Warsaw,909
Theo Jones,1987,Innsbruck,Warsaw,505
Oscar Jones,1987,Innsbruck,Warsaw,505
Ava Jones,2017,Innsbruck,Warsaw,505
Ava Jones,2017,Innsbruck,Warsaw,505
Lucas Adams,1976,Vienna,Warsaw,1133
Daisy Wilson,1993,Vienna,Warsaw,1133
Poppy Owen,1983,Vienna,Warsaw,1133
Sofia Jones,1993,Vienna,Warsaw,1133
Muhammad Lewis,1974,Vienna,Warsaw,1133
Lily Holmes,1986,Prague,Rijeka,618
Henry Holmes,1974,Prague,Rijeka,618
Tommy Holmes,2015,Prague,Rijeka,618
Lily Holmes,2015,Prague,Rijeka,618
Henry Adams,1983,Innsbruck,Warsaw,1224
Arthur Webb,1976,Innsbruck,Warsaw,1224
Freya Walker,1975,Innsbruck,Warsaw,1224
Evie Owen,1984,Innsbruck,Warsaw,1224
Amelia Owen,1976,Innsbruck,Warsaw,1224
Henry Webb,1993,Innsbruck,Warsaw,1224
Grace Matthews,1976,Innsbruck,Warsaw,1224
Elsie Harris,1983,Innsbruck,Warsaw,1224
William Chapman,1981,Innsbruck,Warsaw,1224
Freddie Holmes,1986,Innsbruck,Warsaw,1224
Mia Harris,1977,Hamburg,Innsbruck,1236
Arthur White,1981,Hamburg,Innsbruck,1236
Leo Holmes,1976,Hamburg,Innsbruck,1236
Alfie Jones,1987,Hamburg,Innsbruck,1236
Arthur Walker,1992,Hamburg,Innsbruck,1236
Evie Jones,1993,Hamburg,Innsbruck,1236
Alfie Wilson,1989,Krakow,Zagreb,936
Sofia Wilson,1990,Krakow,Zagreb,936
Charlotte Wilson,2015,Krakow,Zagreb,936
Ava Jones,1987,Vienna,Warsaw,1122
Charlotte Webb,1973,Vienna,Warsaw,1122
Poppy Lewis,1978,Vienna,Warsaw,1122
Isaac Wilson,1980,Vienna,Warsaw,1122
Arthur Wilson,1974,Vienna,Warsaw,1122
Charlie Robinson,1986,Innsbruck,Warsaw,1248
Harry Foster,1987,Innsbruck,Warsaw,1248
Finley Owen,1982,Innsbruck,Warsaw,1248
Tommy Webb,1974,Vienna,Warsaw,1144
Alfie Chapman,1981,Vienna,Warsaw,1144
Archie Owen,1985,Vienna,Warsaw,1144
Noah Stevens,1984,Brno,Rijeka,1111
Emily Black,1987,Brno,Rijeka,1111
Alfie Walker,1973,Brno,Rijeka,1111
Roman Lewis,1991,Berlin,Napoli,1144
Jacob White,1989,Berlin,Napoli,1144
Theodore Black,1979,Berlin,Napoli,1144
Freddie Davidson,1975,Berlin,Napoli,1144
Evelyn Black,1982,Prague,Rijeka,624
Charlotte Black,1981,Prague,Rijeka,624
Finley Black,2016,Prague,Rijeka,624
Poppy Davidson,1993,Berlin,Napoli,1010
Emily Foster,1991,Berlin,Napoli,1010
Sofia Allen,1992,Berlin,Napoli,1010
George Payne,1992,Berlin,Napoli,1010
Alfie Black,1983,Berlin,Napoli,1010
Ella Owen,1973,Hamburg,Innsbruck,1236
Jacob Allen,1975,Hamburg,Innsbruck,1236
Evelyn White,1975,Hamburg,Innsbruck,1236
Isaac Allen,1976,Hamburg,Innsbruck,1236
Poppy Owen,1991,Hamburg,Innsbruck,1236
Mia Holmes,1985,Hamburg,Innsbruck,1248
Leo White,1988,Hamburg,Innsbruck,1248
Arlo Webb,1986,Hamburg,Innsbruck,1248
Alfie Stevens,1982,Hamburg,Innsbruck,1248
Evelyn Lewis,1993,Hamburg,Innsbruck,1248
William Robinson,1976,Hamburg,Innsbruck,1248
Noah Harris,1987,Krakow,Zagreb,808
Poppy Harris,1974,Krakow,Zagreb,808
Sienna Harris,2014,Krakow,Zagreb,808
Ava Harris,2013,Krakow,Zagreb,808
Sofia White,1975,Krakow,Zagreb,707
Henry White,1987,Krakow,Zagreb,707
Alfie White,2013,Krakow,Zagreb,707
Isabella White,2018,Krakow,Zagreb,707
Willow Holmes,1974,Prague,Rijeka,1030
Henry Owen,1974,Prague,Rijeka,1030
Thomas Robinson,1974,Prague,Rijeka,1030
Florence Wilson,1979,Vienna,Warsaw,1122
Thomas Robinson,1983,Vienna,Warsaw,1122
Lily Payne,1992,Vienna,Warsaw,1122
Evelyn Walker,1982,Brno,Rijeka,618
Sofia Walker,1982,Brno,Rijeka,618
Evie Walker,2015,Brno,Rijeka,618
Grace Black,1993,Vienna,Warsaw,936
Lily Black,1976,Vienna,Warsaw,936
Roman Black,2013,Vienna,Warsaw,936
Theodore Walker,1989,Berlin,Napoli,1030
Muhammad Foster,1975,Berlin,Napoli,1030
Sophia Holmes,1993,Berlin,Napoli,1030
Isaac Holmes,1991,Brno,Rijeka,721
Sophia Holmes,1993,Brno,Rijeka,721
William Holmes,2016,Brno,Rijeka,721
Poppy Lewis,1982,Vienna,Warsaw,909
Freddie Lewis,1975,Vienna,Warsaw,909
Willow Lewis,2017,Vienna,Warsaw,909
Amelia Adams,1982,Berlin,Napoli,728
Freya Adams,1983,Berlin,Napoli,728
Evelyn Adams,2014,Berlin,Napoli,728
Jacob Owen,1987,Hamburg,Rome,707
Noah Owen,1980,Hamburg,Rome,707
Isla Owen,2016,Hamburg,Rome,707
Charlie Owen,2014,Hamburg,Rome,707
Finley Matthews,1978,Innsbruck,Warsaw,520
Tommy Matthews,1989,Innsbruck,Warsaw,520
Isabella Matthews,2014,Innsbruck,Warsaw,520
Isabella Davidson,1978,Krakow,Zagreb,832
Sophia Davidson,1980,Krakow,Zagreb,832
Arthur Davidson,2015,Krakow,Zagreb,832
Finley Baker,1991,Vienna,Warsaw,1144
William Chapman,1987,Vienna,Warsaw,1144
Evelyn Holmes,1973,Vienna,Warsaw,1144
Poppy Allen,1988,Vienna,Warsaw,1144
Ivy Jones,1973,Vienna,Warsaw,1122
Isabella Baker,1978,Vienna,Warsaw,1122
Sofia Adams,1983,Vienna,Warsaw,1122
Charlie Holmes,1976,Vienna,Warsaw,1122
Mia Stevens,1974,Vienna,Warsaw,1122
Ava Owen,1976,Vienna,Warsaw,1122
Isabella Allen,1993,Hamburg,Innsbruck,918
Archie Allen,1988,Hamburg,Innsbruck,918
Mia Allen,2018,Hamburg,Innsbruck,918
Florence Allen,2017,Hamburg,Innsbruck,918
Arlo Allen,1985,Krakow,Zagreb,816
George Allen,1986,Krakow,Zagreb,816
Lucas Allen,2016,Krakow,Zagreb,816
Ella Allen,2018,Krakow,Zagreb,816
Arthur Owen,1973,Hamburg,Innsbruck,918
Rosie Owen,1984,Hamburg,Innsbruck,918
Elsie Owen,2015,Hamburg,Innsbruck,918
Phoebe Black,1993,Berlin,Napoli,1144
Evelyn Lewis,1977,Berlin,Napoli,1144
Isla Robinson,1980,Berlin,Napoli,1144
Mia Harris,1989,Berlin,Napoli,1144
Charlie Burton,1985,Brno,Rijeka,1224
Leo Allen,1979,Brno,Rijeka,1224
Lucas Foster,1978,Brno,Rijeka,1224
Theodore Baker,1977,Brno,Rijeka,1224
Freya Walker,1992,Brno,Rijeka,1224
Amelia Chapman,1991,Brno,Rijeka,1224
Jacob Allen,1987,Innsbruck,Warsaw,1212
Noah Owen,1981,Innsbruck,Warsaw,1212
Poppy Foster,1975,Innsbruck,Warsaw,1212
Phoebe Harris,1984,Innsbruck,Warsaw,1212
Florence Walker,1981,Hamburg,Innsbruck,1224
Leo Holmes,1993,Hamburg,Innsbruck,1224
Jacob Baker,1982,Hamburg,Innsbruck,1224
Thomas Holmes,1981,Krakow,Zagreb,909
Emily Holmes,1992,Krakow,Zagreb,909
Phoebe Holmes,2014,Krakow,Zagreb,909
Leo Holmes,2018,Krakow,Zagreb,909
Henry Baker,1980,Hamburg,Rome,816
Rosie Baker,1979,Hamburg,Rome,816
Henry Baker,2017,Hamburg,Rome,816
Jack Baker,2016,Hamburg,Rome,816
Florence Owen,1986,Prague,Rijeka,624
Leo Owen,1979,Prague,Rijeka,624
Muhammad Owen,2018,Prague,Rijeka,624
Harry Owen,2015,Prague,Rijeka,624
Jacob White,1993,Vienna,Warsaw,927
Freddie White,1974,Vienna,Warsaw,927
Tommy White,2014,Vienna,Warsaw,927
Ivy White,1973,Hamburg,Rome,714
Evelyn White,1992,Hamburg,Rome,714
Muhammad White,2013,Hamburg,Rome,714
George White,2013,Hamburg,Rome,714
Mia Black,1975,Innsbruck,Warsaw,1236
Mia White,1976,Innsbruck,Warsaw,1236
Lucas White,1974,Innsbruck,Warsaw,1236
Isaac Wilson,1992,Innsbruck,Warsaw,1236
Muhammad Baker,1980,Innsbruck,Warsaw,1236
Sofia Matthews,1980,Innsbruck,Warsaw,1236
Freya Stevens,1975,Vienna,Warsaw,1133
Ava Wilson,1982,Vienna,Warsaw,1133
Jack Davidson,1993,Vienna,Warsaw,1133
Isaac Owen,1992,Hamburg,Innsbruck,1212
Jacob Robinson,1978,Hamburg,Innsbruck,1212
Leo Wilson,1985,Hamburg,Innsbruck,1212
Isla Davidson,1975,Hamburg,Innsbruck,1212
Ava Harris,1973,Brno,Rijeka,1236
Daisy Harris,1988,Brno,Rijeka,1236
Sofia Black,1986,Brno,Rijeka,1236
Charlie Webb,1981,Berlin,Napoli,707
Isaac Webb,1985,Berlin,Napoli,707
Noah Webb,2015,Berlin,Napoli,707
Leo Chapman,1992,Hamburg,Rome,832
Theo Chapman,1975,Hamburg,Rome,832
Amelia Chapman,2018,Hamburg,Rome,832
Evie Stevens,1982,Berlin,Napoli,1144
Archie Burton,1977,Berlin,Napoli,1144
Isla Webb,1980,Berlin,Napoli,1144
George Walker,1984,Berlin,Napoli,1133
Lily Owen,1976,Berlin,Napoli,1133
Finley Baker,1975,Berlin,Napoli,1133
Charlotte Baker,1977,Berlin,Napoli,1133
William Walker,1973,Berlin,Napoli,1122
Thomas Burton,1993,Berlin,Napoli,1122
Evie Webb,1978,Berlin,Napoli,1122
Ella Jones,1981,Innsbruck,Warsaw,1133
Isabella Foster,1984,Innsbruck,Warsaw,1133
Ivy Matthews,1990,Innsbruck,Warsaw,1133
Willow Adams,1986,Hamburg,Rome,707
Daisy Adams,1989,Hamburg,Rome,707
Theodore Adams,2014,Hamburg,Rome,707
Alfie Webb,1993,Hamburg,Rome,707
Poppy Webb,1980,Hamburg,Rome,707
Freya Webb,2017,Hamburg,Rome,707
Theo Webb,2017,Hamburg,Rome,707
Evie Payne,1988,Innsbruck,Warsaw,1144
Noah Holmes,1981,Innsbruck,Warsaw,1144
Roman Stevens,1993,Innsbruck,Warsaw,1144
Daisy Black,1992,Innsbruck,Warsaw,1144
Thomas Webb,1973,Innsbruck,Warsaw,1144
Grace Chapman,1974,Hamburg,Innsbruck,312
Sophia Chapman,1973,Hamburg,Innsbruck,312
Lucas Chapman,2015,Hamburg,Innsbruck,312
Roman Chapman,2014,Hamburg,Innsbruck,312
Leo Davidson,1973,Vienna,Warsaw,918
Daisy Davidson,1984,Vienna,Warsaw,918
Evie Davidson,2015,Vienna,Warsaw,918
Charlie Davidson,2014,Vienna,Warsaw,918
Tommy Owen,1977,Hamburg,Innsbruck,1224
Finley Allen,1981,Hamburg,Innsbruck,1224
Poppy Harris,1992,Hamburg,Innsbruck,1224
Charlie Allen,1982,Hamburg,Innsbruck,1224
Elsie Owen,1976,Vienna,Warsaw,1122
Evelyn Webb,1983,Vienna,Warsaw,1122
Thomas Owen,1977,Vienna,Warsaw,1122
Freya Owen,1989,Vienna,Warsaw,1122
Arthur Webb,1978,Berlin,Napoli,936
Rosie Webb,1981,Berlin,Napoli,936
Roman Webb,2014,Berlin,Napoli,936
Amelia Allen,1977,Vienna,Warsaw,1111
Thomas Lewis,1988,Vienna,Warsaw,1111
Alfie Lewis,1981,Vienna,Warsaw,1111
William Walker,1977,Vienna,Warsaw,1111
Evie Foster,1987,Vienna,Warsaw,1111
Evie Black,1986,Krakow,Zagreb,824
William Black,1978,Krakow,Zagreb,824
Arthur Black,2015,Krakow,Zagreb,824
Charlie Black,2013,Krakow,Zagreb,824
Alfie Chapman,1993,Krakow,Zagreb,721
Charlotte Chapman,1979,Krakow,Zagreb,721
Arlo Chapman,2015,Krakow,Zagreb,721
Rosie Chapman,2014,Krakow,Zagreb,721
Willow Walker,1990,Hamburg,Innsbruck,1224
Mia Payne,1984,Hamburg,Innsbruck,1224
Evie Harris,1980,Hamburg,Innsbruck,1224
Grace Black,1991,Hamburg,Innsbruck,1224
Roman Harris,1976,Hamburg,Rome,824
Freddie Harris,1977,Hamburg,Rome,824
Henry Harris,2018,Hamburg,Rome,824
Isaac Harris,1993,Hamburg,Innsbruck,1236
Mia Foster,1982,Hamburg,Innsbruck,1236
Lucas Black,1989,Hamburg,Innsbruck,1236
Arthur Allen,1990,Hamburg,Innsbruck,1236
Finley Stevens,1982,Hamburg,Innsbruck,1236
Emily Adams,1973,Berlin,Napoli,1122
Alfie Matthews,1993,Berlin,Napoli,1122
Willow Adams,1990,Berlin,Napoli,1122
Ava Harris,1980,Berlin,Napoli,1122
Finley Chapman,1974,Prague,Rijeka,1020
Sophia Holmes,1993,Prague,Rijeka,1020
Arlo Holmes,1983,Prague,Rijeka,1020
Florence Black,1982,Prague,Rijeka,1020
Evelyn Adams,1989,Innsbruck,Warsaw,1224
Sienna Burton,1985,Innsbruck,Warsaw,1224
Noah Adams,1980,Innsbruck,Warsaw,1224
Ava White,1982,Vienna,Warsaw,1111
Sienna Davidson,1976,Vienna,Warsaw,1111
Daisy Baker,1984,Vienna,Warsaw,1111
Isabella Owen,1985,Vienna,Warsaw,1111
Evie Webb,1985,Hamburg,Innsbruck,936
Charlotte Webb,1981,Hamburg,Innsbruck,936
Poppy Webb,2013,Hamburg,Innsbruck,936
Archie Holmes,1976,Vienna,Warsaw,1133
Willow Black,1987,Vienna,Warsaw,1133
Daisy Lewis,1984,Vienna,Warsaw,1133
Isaac Matthews,1983,Vienna,Warsaw,1133
Tommy Holmes,1991,Vienna,Warsaw,1133
Finley Adams,1976,Vienna,Warsaw,1133
Charlie Baker,1988,Hamburg,Rome,721
Amelia Baker,1983,Hamburg,Rome,721
Lucas Baker,2016,Hamburg,Rome,721
Finley Lewis,1992,Brno,Rijeka,618
Emily Lewis,1973,Brno,Rijeka,618
Lily Lewis,2013,Brno,Rijeka,618
Freya Stevens,1983,Brno,Rijeka,612
Thomas Stevens,1984,Brno,Rijeka,612
Finley Stevens,2017,Brno,Rijeka,612
Leo Webb,1979,Berlin,Napoli,909
Isabella Webb,1986,Berlin,Napoli,909
Jacob Webb,2014,Berlin,Napoli,909
Isla Webb,2013,Berlin,Napoli,909
Isaac Matthews,1989,Innsbruck,Warsaw,1122
Theo Matthews,1986,Innsbruck,Warsaw,1122
Sophia Baker,1984,Innsbruck,Warsaw,1122
Theodore Burton,1990,Innsbruck,Warsaw,1122
Theodore Webb,1991,Berlin,Napoli,1144
Florence White,1978,Berlin,Napoli,1144
Lily Payne,1976,Berlin,Napoli,1144
Henry Jones,1991,Berlin,Napoli,1144
Sofia Wilson,1984,Berlin,Napoli,1144
Tommy Foster,1992,Berlin,Napoli,1144
Leo Chapman,1990,Krakow,Zagreb,728
Muhammad Chapman,1991,Krakow,Zagreb,728
Willow Chapman,2017,Krakow,Zagreb,728
Phoebe Chapman,2014,Krakow,Zagreb,728
Finley Chapman,1982,Brno,Rijeka,1212
Arthur Payne,1978,Brno,Rijeka,1212
Lily Robinson,1980,Brno,Rijeka,1212
Archie Black,1984,Brno,Rijeka,1212
Thomas Owen,1978,Brno,Rijeka,1212
Jacob White,1993,Prague,Rijeka,1010
Charlotte Black,1982,Prague,Rijeka,1010
Oscar Stevens,1974,Prague,Rijeka,1010
Theo Wilson,1978,Innsbruck,Warsaw,1224
Isla Adams,1983,Innsbruck,Warsaw,1224
Tommy Webb,1985,Innsbruck,Warsaw,1224
Ivy Burton,1975,Innsbruck,Warsaw,1224
Evie Robinson,1991,Innsbruck,Warsaw,1224
Amelia Baker,1986,Innsbruck,Warsaw,1224
Lily Payne,1988,Hamburg,Innsbruck,909
Charlotte Payne,1973,Hamburg,Innsbruck,909
Thomas Payne,2014,Hamburg,Innsbruck,909
Isla Payne,1976,Innsbruck,Warsaw,1212
Theodore Chapman,1973,Innsbruck,Warsaw,1212
Jack Walker,1975,Innsbruck,Warsaw,1212
Elsie White,1992,Innsbruck,Warsaw,1212
Sofia Davidson,1974,Innsbruck,Warsaw,1212
Jack Owen,1986,Vienna,Warsaw,936
Finley Owen,1987,Vienna,Warsaw,936
Florence Owen,2014,Vienna,Warsaw,936
Isla Owen,2016,Vienna,Warsaw,936
Daisy Foster,1981,Hamburg,Rome,816
Phoebe Foster,1977,Hamburg,Rome,816
William Foster,2013,Hamburg,Rome,816
Lucas Foster,2013,Hamburg,Rome,816
Arthur Foster,1979,Berlin,Napoli,1020
Mia Holmes,1976,Berlin,Napoli,1020
Freya Jones,1988,Berlin,Napoli,1020
Arlo Robinson,1993,Berlin,Napoli,1020
Charlie Robinson,1983,Innsbruck,Warsaw,1236
Harry Black,1985,Innsbruck,Warsaw,1236
Willow Baker,1980,Innsbruck,Warsaw,1236
Emily Black,1985,Innsbruck,Warsaw,1236
Phoebe Allen,1978,Prague,Rijeka,624
Florence Allen,1986,Prague,Rijeka,624
Finley Allen,2017,Prague,Rijeka,624
Henry Allen,2014,Prague,Rijeka,624
Ella Webb,1990,Berlin,Napoli,1133
Leo Matthews,1980,Berlin,Napoli,1133
Ella Harris,1990,Berlin,Napoli,1133
Ava Wilson,1978,Berlin,Napoli,1133
Mia White,1980,Berlin,Napoli,1133
Leo Davidson,1980,Berlin,Napoli,728
Sofia Davidson,1992,Berlin,Napoli,728
Rosie Davidson,2017,Berlin,Napoli,728
Freya Jones,1977,Berlin,Napoli,808
Finley Jones,1975,Berlin,Napoli,808
Evie Jones,2014,Berlin,Napoli,808
Freya Chapman,1987,Berlin,Napoli,714
Florence Chapman,1985,Berlin,Napoli,714
Sophia Chapman,2017,Berlin,Napoli,714
Ivy Adams,1984,Innsbruck,Warsaw,927
Roman Adams,1979,Innsbruck,Warsaw,927
Charlie Adams,2014,Innsbruck,Warsaw,927
Poppy Baker,1992,Berlin,Napoli,1030
Phoebe Foster,1973,Berlin,Napoli,1030
Finley Robinson,1987,Berlin,Napoli,1030
Elsie Baker,1973,Berlin,Napoli,1030
Isla Robinson,1993,Berlin,Napoli,1030
Charlie Owen,1976,Innsbruck,Warsaw,1122
Sofia Lewis,1993,Innsbruck,Warsaw,1122
Oscar Jones,1979,Innsbruck,Warsaw,1122
Poppy Owen,1984,Innsbruck,Warsaw,1122
Jack Davidson,1990,Innsbruck,Warsaw,1122
Sofia Webb,1992,Innsbruck,Warsaw,1122
Evelyn Webb,1993,Prague,Rijeka,1030
William Robinson,1987,Prague,Rijeka,1030
Charlotte Burton,1976,Prague,Rijeka,1030
Elsie Walker,1976,Prague,Rijeka,1030
Grace Baker,1991,Prague,Rijeka,1030
Florence Harris,1992,Vienna,Warsaw,927
Leo Harris,1984,Vienna,Warsaw,927
Freddie Harris,2014,Vienna,Warsaw,927
Henry Lewis,1982,Brno,Rijeka,1122
Freya Chapman,1986,Brno,Rijeka,1122
Ivy Foster,1984,Brno,Rijeka,1122
Roman Wilson,1986,Brno,Rijeka,1122
Sofia Chapman,1983,Brno,Rijeka,1122
Finley Davidson,1984,Brno,Rijeka,1122
Lily Wilson,1981,Brno,Rijeka,728
George Wilson,1984,Brno,Rijeka,728
Sofia Wilson,2018,Brno,Rijeka,728
Mia Wilson,2014,Brno,Rijeka,728
Evie Lewis,1982,Berlin,Napoli,832
Amelia Lewis,1987,Berlin,Napoli,832
Isaac Lewis,2014,Berlin,Napoli,832
Lucas Lewis,2016,Berlin,Napoli,832
George Robinson,1986,Innsbruck,Warsaw,1133
Muhammad Adams,1983,Innsbruck,Warsaw,1133
Thomas Matthews,1986,Innsbruck,Warsaw,1133
Harry Payne,1983,Innsbruck,Warsaw,1133
Isla Owen,1975,Innsbruck,Warsaw,1133
Muhammad White,1975,Innsbruck,Warsaw,918
Phoebe White,1982,Innsbruck,Warsaw,918
Muhammad White,2014,Innsbruck,Warsaw,918
Isabella White,2017,Innsbruck,Warsaw,918
George White,1987,Hamburg,Innsbruck,1236
Leo Lewis,1993,Hamburg,Innsbruck,1236
Theodore Matthews,1984,Hamburg,Innsbruck,1236
Sofia Stevens,1976,Hamburg,Innsbruck,1236
Finley Lewis,1979,Prague,Rijeka,1010
Harry Foster,1984,Prague,Rijeka,1010
Isla Burton,1987,Prague,Rijeka,1010
Roman Burton,1989,Innsbruck,Warsaw,927
Isaac Burton,1993,Innsbruck,Warsaw,927
Archie Burton,2015,Innsbruck,Warsaw,927
Elsie Chapman,1987,Berlin,Napoli,714
Alfie Chapman,1989,Berlin,Napoli,714
Tommy Chapman,2015,Berlin,Napoli,714
Thomas Owen,1983,Vienna,Warsaw,936
Freddie Owen,1981,Vienna,Warsaw,936
Roman Owen,2013,Vienna,Warsaw,936
Ivy Harris,1992,Innsbruck,Warsaw,936
Poppy Harris,1990,Innsbruck,Warsaw,936
Amelia Harris,2017,Innsbruck,Warsaw,936
Ava Harris,2014,Innsbruck,Warsaw,936
